데이터 출처,회사명,업로드 일시,매물 지역,가격,제품 상태,기종,메모리
중고나라,애플,2022-03-21,지역없음,375000,FALSE,아이폰11Pro,64GB
중고나라,애플,2022-03-21,지역없음,1200000,TRUE,아이폰13Pro,128GB
중고나라,애플,2022-03-21,지역없음,1100000,FALSE,아이폰12ProMax,512GB
중고나라,애플,2022-03-21,지역없음,750000,FALSE,아이폰13Mini,128GB
중고나라,애플,2022-03-21,지역없음,650000,FALSE,아이폰13Pro,256GB
중고나라,애플,2022-03-21,지역없음,790000,FALSE,아이폰12Pro,128GB
중고나라,애플,2022-03-21,지역없음,450000,FALSE,아이폰11,64GB
중고나라,애플,2022-03-21,지역없음,450000,TRUE,아이폰11Pro,64GB
중고나라,애플,2022-03-21,지역없음,300000,FALSE,아이폰Xs,없음
중고나라,애플,2022-03-21,지역없음,249000,FALSE,아이폰Se,128GB
중고나라,애플,2022-03-21,지역없음,800000,FALSE,아이폰12Pro,128GB
중고나라,애플,2022-03-21,지역없음,850000,FALSE,아이폰13,128GB
중고나라,애플,2022-03-21,지역없음,1000000,FALSE,아이폰12ProMax,256GB
중고나라,애플,2022-03-21,지역없음,905000,TRUE,아이폰13Mini,256GB
중고나라,애플,2022-03-21,지역없음,880000,TRUE,아이폰13,128GB
중고나라,애플,2022-03-21,지역없음,250000,FALSE,아이폰XsMax,64GB
중고나라,애플,2022-03-21,지역없음,460000,FALSE,아이폰11Pro,64GB
중고나라,애플,2022-03-21,지역없음,400000,FALSE,아이폰11,128GB
중고나라,애플,2022-03-21,지역없음,650000,FALSE,아이폰12Mini,256GB
중고나라,애플,2022-03-21,지역없음,380000,FALSE,아이폰11,128GB
중고나라,애플,2022-03-21,지역없음,500000,FALSE,아이폰11Pro,없음
중고나라,애플,2022-03-21,지역없음,250000,FALSE,아이폰11,128GB
중고나라,애플,2022-03-21,지역없음,760000,FALSE,아이폰12Pro,512GB
중고나라,애플,2022-03-21,지역없음,1490000,TRUE,아이폰13ProMax,256GB
중고나라,애플,2022-03-21,지역없음,1380000,TRUE,아이폰13ProMax,128GB
중고나라,애플,2022-03-21,지역없음,1400000,TRUE,아이폰13ProMax,128GB
중고나라,애플,2022-03-21,지역없음,1490000,TRUE,아이폰13ProMax,256GB
중고나라,애플,2022-03-21,지역없음,528000,FALSE,아이폰12Mini,128GB
중고나라,애플,2022-03-21,지역없음,528000,FALSE,아이폰12Mini,128GB
중고나라,애플,2022-03-21,지역없음,681000,FALSE,아이폰12Mini,128GB
중고나라,애플,2022-03-21,지역없음,528000,FALSE,아이폰12Mini,128GB
중고나라,애플,2022-03-21,지역없음,400000,FALSE,아이폰Xs,256GB
중고나라,애플,2022-03-21,지역없음,419000,FALSE,아이폰11,128GB
중고나라,애플,2022-03-21,지역없음,480000,FALSE,아이폰12Mini,64GB
중고나라,애플,2022-03-21,지역없음,220000,FALSE,아이폰Se,128GB
중고나라,애플,2022-03-21,지역없음,220000,FALSE,아이폰Se,128GB
중고나라,애플,2022-03-21,지역없음,380000,FALSE,아이폰11,128GB
중고나라,애플,2022-03-21,지역없음,400000,FALSE,아이폰11,128GB
중고나라,애플,2022-03-21,지역없음,450000,TRUE,아이폰11,256GB
중고나라,애플,2022-03-21,지역없음,1200000,TRUE,아이폰13Pro,128GB
중고나라,애플,2022-03-21,지역없음,1200000,TRUE,아이폰13Pro,128GB
중고나라,애플,2022-03-21,지역없음,1200000,TRUE,아이폰13Pro,128GB
중고나라,애플,2022-03-21,지역없음,530000,FALSE,아이폰11Pro,64GB
중고나라,애플,2022-03-21,지역없음,930000,FALSE,아이폰13ProMax,256GB
중고나라,애플,2022-03-21,지역없음,580000,TRUE,아이폰11,64GB
중고나라,애플,2022-03-21,지역없음,300000,FALSE,아이폰Xr,64GB
중고나라,애플,2022-03-21,지역없음,330000,FALSE,아이폰Xr,128GB
중고나라,애플,2022-03-21,지역없음,330000,FALSE,아이폰Xr,128GB
중고나라,애플,2022-03-21,지역없음,935000,FALSE,아이폰11Pro,512GB
중고나라,애플,2022-03-21,지역없음,550000,FALSE,아이폰11Pro,64GB
중고나라,애플,2022-03-21,지역없음,1100000,TRUE,아이폰13Pro,128GB
중고나라,애플,2022-03-21,지역없음,390000,FALSE,아이폰Se,128GB
중고나라,애플,2022-03-21,지역없음,420000,FALSE,아이폰11,64GB
중고나라,애플,2022-03-21,지역없음,1250000,FALSE,아이폰13Pro,128GB
중고나라,애플,2022-03-21,지역없음,500000,FALSE,아이폰12Mini,64GB
중고나라,애플,2022-03-21,지역없음,280000,FALSE,아이폰Xs,64GB
중고나라,애플,2022-03-21,지역없음,400000,FALSE,아이폰11Pro,256GB
중고나라,애플,2022-03-21,지역없음,860000,FALSE,아이폰12ProMax,128GB
중고나라,애플,2022-03-21,지역없음,1340000,TRUE,아이폰12ProMax,512GB
중고나라,애플,2022-03-21,지역없음,850000,FALSE,아이폰12Pro,128GB
중고나라,애플,2022-03-21,지역없음,950000,FALSE,아이폰12Pro,256GB
중고나라,애플,2022-03-21,지역없음,680000,FALSE,아이폰12Pro,128GB
중고나라,애플,2022-03-21,지역없음,390000,FALSE,아이폰Xs,256GB
중고나라,애플,2022-03-21,지역없음,430000,TRUE,아이폰11Pro,64GB
중고나라,애플,2022-03-21,지역없음,470000,FALSE,아이폰11Pro,64GB
중고나라,애플,2022-03-21,지역없음,660000,FALSE,아이폰12,128GB
중고나라,애플,2022-03-21,지역없음,980000,FALSE,아이폰12ProMax,128GB
중고나라,애플,2022-03-21,지역없음,540000,FALSE,아이폰12Mini,128GB
중고나라,애플,2022-03-21,지역없음,470000,FALSE,아이폰11Pro,64GB
중고나라,애플,2022-03-21,지역없음,1020000,FALSE,아이폰12ProMax,128GB
중고나라,애플,2022-03-21,지역없음,1050000,FALSE,아이폰12ProMax,256GB
중고나라,애플,2022-03-21,지역없음,800000,TRUE,아이폰13Mini,128GB
중고나라,애플,2022-03-21,지역없음,429000,FALSE,아이폰11Pro,64GB
중고나라,애플,2022-03-21,지역없음,1320000,TRUE,아이폰13Pro,256GB
중고나라,애플,2022-03-21,지역없음,1200000,TRUE,아이폰13Pro,128GB
중고나라,애플,2022-03-21,지역없음,750000,FALSE,아이폰13Mini,128GB
중고나라,애플,2022-03-21,지역없음,340000,FALSE,아이폰Xs,256GB
중고나라,애플,2022-03-21,지역없음,319000,FALSE,아이폰11,256GB
중고나라,애플,2022-03-21,지역없음,634000,FALSE,아이폰11Pro,256GB
중고나라,애플,2022-03-21,지역없음,220000,FALSE,아이폰Se,64GB
중고나라,애플,2022-03-21,지역없음,285000,FALSE,아이폰Xr,64GB
중고나라,애플,2022-03-21,지역없음,1330000,TRUE,아이폰13Pro,256GB
중고나라,애플,2022-03-21,지역없음,1280000,TRUE,아이폰13,512GB
중고나라,애플,2022-03-21,지역없음,840000,FALSE,아이폰12Pro,256GB
중고나라,애플,2022-03-21,지역없음,820000,FALSE,아이폰12Pro,128GB
중고나라,애플,2022-03-21,지역없음,210000,FALSE,아이폰11Se,64GB
중고나라,애플,2022-03-21,지역없음,1260000,TRUE,아이폰1213Pro,256GB
중고나라,애플,2022-03-21,지역없음,800000,FALSE,아이폰13Pro,256GB
중고나라,애플,2022-03-21,지역없음,260000,FALSE,아이폰Xr,128GB
중고나라,애플,2022-03-21,지역없음,590000,FALSE,아이폰11Pro,256GB
중고나라,애플,2022-03-21,지역없음,250000,FALSE,아이폰Xs,64GB
중고나라,애플,2022-03-21,지역없음,370000,FALSE,아이폰11Pro,64GB
중고나라,애플,2022-03-21,지역없음,300000,FALSE,아이폰Xr,128GB
중고나라,애플,2022-03-21,지역없음,230000,FALSE,아이폰Se,128GB
중고나라,애플,2022-03-21,지역없음,200000,FALSE,아이폰Pro,64GB
중고나라,애플,2022-03-21,지역없음,520000,FALSE,아이폰12Mini,256GB
중고나라,애플,2022-03-21,지역없음,850000,FALSE,아이폰12Pro,256GB
중고나라,애플,2022-03-21,지역없음,310000,FALSE,아이폰Se,64GB
중고나라,애플,2022-03-21,지역없음,1050000,FALSE,아이폰12ProMax,256GB
중고나라,애플,2022-03-21,지역없음,1090000,FALSE,아이폰13Pro,128GB
중고나라,애플,2022-03-21,지역없음,480000,FALSE,아이폰12Mini,128GB
중고나라,애플,2022-03-21,지역없음,820000,FALSE,아이폰12Pro,128GB
중고나라,애플,2022-03-21,지역없음,1380000,FALSE,아이폰13ProMax,256GB
중고나라,애플,2022-03-21,지역없음,820000,FALSE,아이폰13Mini,256GB
중고나라,애플,2022-03-21,지역없음,670000,FALSE,아이폰11ProMax,256GB
중고나라,애플,2022-03-21,지역없음,500000,FALSE,아이폰12Mini,128GB
중고나라,애플,2022-03-21,지역없음,450000,FALSE,아이폰12Mini,64GB
중고나라,애플,2022-03-21,지역없음,820000,FALSE,아이폰12Pro,128GB
중고나라,애플,2022-03-21,지역없음,480000,FALSE,아이폰12Mini,128GB
중고나라,애플,2022-03-21,지역없음,820000,FALSE,아이폰13Mini,256GB
중고나라,애플,2022-03-21,지역없음,1240000,TRUE,아이폰13Pro,256GB
중고나라,애플,2022-03-21,지역없음,550000,TRUE,아이폰1213ProMaxMini,256GB
중고나라,애플,2022-03-21,지역없음,450000,FALSE,아이폰12Mini,64GB
중고나라,애플,2022-03-21,지역없음,450000,FALSE,아이폰12Mini,64GB
중고나라,애플,2022-03-21,지역없음,450000,FALSE,아이폰12Mini,64GB
중고나라,애플,2022-03-21,지역없음,465000,FALSE,아이폰1213Mini,64GB
중고나라,애플,2022-03-21,지역없음,210000,FALSE,아이폰Xr,128GB
중고나라,애플,2022-03-21,지역없음,500000,FALSE,아이폰12Mini,64GB
중고나라,애플,2022-03-21,지역없음,920000,FALSE,아이폰12ProMax,256GB
중고나라,애플,2022-03-21,지역없음,800000,FALSE,아이폰12Pro,128GB
중고나라,애플,2022-03-21,지역없음,920000,FALSE,아이폰13Mini,256GB
중고나라,애플,2022-03-21,지역없음,370000,FALSE,아이폰11Pro,64GB
중고나라,애플,2022-03-21,지역없음,380000,FALSE,아이폰11Pro,64GB
중고나라,애플,2022-03-21,지역없음,330000,FALSE,아이폰11Pro,64GB
중고나라,애플,2022-03-21,지역없음,370000,FALSE,아이폰11Pro,64GB
중고나라,애플,2022-03-21,지역없음,290000,FALSE,아이폰Xs,64GB
중고나라,애플,2022-03-21,지역없음,330000,FALSE,아이폰Xs,256GB
중고나라,애플,2022-03-21,지역없음,370000,FALSE,아이폰Xs,256GB
중고나라,애플,2022-03-21,지역없음,350000,FALSE,아이폰11,128GB
중고나라,애플,2022-03-21,지역없음,770000,FALSE,아이폰12Pro,128GB
중고나라,애플,2022-03-21,지역없음,430000,FALSE,아이폰11,64GB
중고나라,애플,2022-03-21,지역없음,430000,FALSE,아이폰11,64GB
중고나라,애플,2022-03-21,지역없음,270000,FALSE,아이폰Xs,64GB
중고나라,애플,2022-03-21,지역없음,260000,FALSE,아이폰Se,128GB
중고나라,애플,2022-03-21,지역없음,470000,FALSE,아이폰12Mini,128GB
중고나라,애플,2022-03-21,지역없음,820000,FALSE,아이폰12Pro,128GB
중고나라,애플,2022-03-21,지역없음,470000,FALSE,아이폰11Pro,64GB
중고나라,애플,2022-03-21,지역없음,1400000,TRUE,아이폰13Pro,256GB
중고나라,애플,2022-03-21,지역없음,1293000,TRUE,아이폰13Pro,256GB
중고나라,애플,2022-03-21,지역없음,800000,FALSE,아이폰13,128GB
중고나라,애플,2022-03-21,지역없음,550000,FALSE,아이폰11,64GB
중고나라,애플,2022-03-21,지역없음,550000,FALSE,아이폰11Pro,256GB
중고나라,애플,2022-03-21,지역없음,490000,FALSE,아이폰12Mini,128GB
중고나라,애플,2022-03-21,지역없음,850000,FALSE,아이폰12Pro,256GB
중고나라,애플,2022-03-21,지역없음,230000,FALSE,아이폰Se,128GB
중고나라,애플,2022-03-21,지역없음,440000,FALSE,아이폰12Mini,128GB
중고나라,애플,2022-03-21,지역없음,500000,FALSE,아이폰12Mini,64GB
중고나라,애플,2022-03-21,지역없음,650000,FALSE,아이폰11Pro,256GB
중고나라,애플,2022-03-21,지역없음,1100000,TRUE,아이폰13Pro,128GB
중고나라,애플,2022-03-21,지역없음,480000,FALSE,아이폰12Mini,128GB
중고나라,애플,2022-03-21,지역없음,650000,FALSE,아이폰11ProMax,256GB
중고나라,애플,2022-03-21,지역없음,330000,FALSE,아이폰Xr,128GB
중고나라,애플,2022-03-21,지역없음,410000,FALSE,아이폰11,128GB
중고나라,애플,2022-03-21,지역없음,330000,FALSE,아이폰Xr,128GB
중고나라,애플,2022-03-21,지역없음,410000,FALSE,아이폰11,128GB
중고나라,애플,2022-03-21,지역없음,330000,FALSE,아이폰Xr,128GB
중고나라,애플,2022-03-21,지역없음,569000,FALSE,아이폰12,64GB
중고나라,애플,2022-03-21,지역없음,379000,FALSE,아이폰Xs,256GB
중고나라,애플,2022-03-21,지역없음,970000,FALSE,아이폰13Pro,128GB
중고나라,애플,2022-03-21,지역없음,280000,FALSE,아이폰Xr,128GB
중고나라,애플,2022-03-21,지역없음,780000,FALSE,아이폰12Pro,128GB
중고나라,애플,2022-03-21,지역없음,470000,FALSE,아이폰11,64GB
중고나라,애플,2022-03-21,지역없음,690000,FALSE,아이폰11ProMax,64GB
중고나라,애플,2022-03-21,지역없음,530000,FALSE,아이폰11,256GB
중고나라,애플,2022-03-21,지역없음,420000,FALSE,아이폰11,64GB
중고나라,애플,2022-03-21,지역없음,530000,FALSE,아이폰12,64GB
중고나라,애플,2022-03-21,지역없음,1700000,TRUE,아이폰13Pro,없음
중고나라,애플,2022-03-21,지역없음,380000,FALSE,아이폰Xs,256GB
중고나라,애플,2022-03-21,지역없음,250000,FALSE,아이폰Se,128GB
중고나라,애플,2022-03-21,지역없음,610000,FALSE,아이폰12,128GB
중고나라,애플,2022-03-21,지역없음,640000,FALSE,아이폰12,128GB
중고나라,애플,2022-03-21,지역없음,470000,FALSE,아이폰12Mini,128GB
중고나라,애플,2022-03-21,지역없음,420000,FALSE,아이폰11,64GB
중고나라,애플,2022-03-21,지역없음,870000,FALSE,아이폰12Pro,256GB
중고나라,애플,2022-03-21,지역없음,850000,FALSE,아이폰12Pro,128GB
중고나라,애플,2022-03-21,지역없음,200000,FALSE,아이폰Se,64GB
중고나라,애플,2022-03-21,지역없음,200000,FALSE,아이폰Pro,64GB
중고나라,애플,2022-03-21,지역없음,490000,FALSE,아이폰11Pro,256GB
중고나라,애플,2022-03-21,지역없음,290000,FALSE,아이폰Pro,64GB
중고나라,애플,2022-03-21,지역없음,130000,FALSE,아이폰Pro,128GB
중고나라,애플,2022-03-21,지역없음,300000,FALSE,아이폰Xr,128GB
중고나라,애플,2022-03-21,지역없음,900000,FALSE,아이폰13Pro,128GB
중고나라,애플,2022-03-21,지역없음,750000,FALSE,아이폰12Pro,128GB
중고나라,애플,2022-03-21,지역없음,220000,FALSE,아이폰Se,64GB
중고나라,애플,2022-03-21,지역없음,700000,FALSE,아이폰12Pro,128GB
중고나라,애플,2022-03-21,지역없음,200000,FALSE,아이폰11,64GB
중고나라,애플,2022-03-21,지역없음,400000,FALSE,아이폰Xs,256GB
중고나라,애플,2022-03-21,지역없음,1050000,FALSE,아이폰12ProMax,128GB
중고나라,애플,2022-03-21,지역없음,600000,FALSE,아이폰12Mini,128GB
중고나라,애플,2022-03-21,지역없음,210000,FALSE,아이폰Se,64GB
중고나라,애플,2022-03-21,지역없음,850000,FALSE,아이폰12Pro,256GB
중고나라,애플,2022-03-21,지역없음,230000,FALSE,아이폰Se,64GB
중고나라,애플,2022-03-21,지역없음,260000,FALSE,아이폰Xr,64GB
중고나라,애플,2022-03-21,지역없음,930000,TRUE,아이폰13,128GB
중고나라,애플,2022-03-21,지역없음,400000,FALSE,아이폰XsMax,64GB
중고나라,애플,2022-03-21,지역없음,1050000,FALSE,아이폰13Mini,512GB
중고나라,애플,2022-03-21,지역없음,280000,FALSE,아이폰Xr,64GB
중고나라,애플,2022-03-21,지역없음,500000,FALSE,아이폰12,128GB
중고나라,애플,2022-03-21,지역없음,430000,FALSE,아이폰Xs,256GB
중고나라,애플,2022-03-21,지역없음,260000,FALSE,아이폰Xr,64GB
중고나라,애플,2022-03-21,지역없음,800000,FALSE,아이폰12Pro,128GB
중고나라,애플,2022-03-21,지역없음,800000,FALSE,아이폰12Pro,128GB
중고나라,애플,2022-03-21,지역없음,1170000,FALSE,아이폰13Pro,128GB
중고나라,애플,2022-03-21,지역없음,670000,TRUE,아이폰12Mini,128GB
중고나라,애플,2022-03-21,지역없음,1150000,FALSE,아이폰12ProMax,512GB
중고나라,애플,2022-03-21,지역없음,1280000,TRUE,아이폰13Pro,256GB
중고나라,애플,2022-03-21,지역없음,850000,FALSE,아이폰12Pro,256GB
